CREATE TABLE DEPOSITE(ACTNO INT, CNAME VARCHAR(50), BNAME VARCHAR(50), AMOUNT DECIMAL(8,2), ADATE DATETIME)
CREATE TABLE BRANCH(BNAME VARCHAR(50), CITY VARCHAR(50))
CREATE TABLE CUSTOMERS(CNAME VARCHAR(50), CITY VARCHAR(50))
CREATE TABLE BORROW(LOANNO INT, CNAME VARCHAR(50), BNAME VARCHAR(50), AMOUNT DECIMAL(8,2))


INSERT INTO BORROW VALUES(201,'ANIL','VRCE',1000.00)
INSERT INTO BORROW VALUES(206,'MEHUL','AJNI',5000.00)
INSERT INTO BORROW VALUES(206,'SUNIL','DHARAMPETH',3000.00)
INSERT INTO BORROW VALUES(206,'MADHURI','ANDHERI',2000.00)
INSERT INTO BORROW VALUES(206,'PRMOD','VIRAR',8000.00)
INSERT INTO BORROW VALUES(206,'KRANTI','NEHRU PLACE',3000.00)

SELECT * FROM BORROW

INSERT INTO DEPOSITE VALUES(101,'ANIL','VRCE',1000.00,'1-MAR-95')
INSERT INTO DEPOSITE VALUES(102,'SUNIL','AJNI',5000.00,'4-JAN-95')
INSERT INTO DEPOSITE VALUES(103,'MEHUL','KAROLBAGH',3500.00,'17-NOV-95')
INSERT INTO DEPOSITE VALUES(104,'MADHURI','CHANDI',1200.00,'17-DEC-95')
INSERT INTO DEPOSITE VALUES(105,'PRMOD','M.G.ROAD',3000.00,'27-MAR-95')
INSERT INTO DEPOSITE VALUES(106,'SANDIP','ANDHERI',2000.00,'31-MAR-95')
INSERT INTO DEPOSITE VALUES(107,'SHIVANI','VIRAR',1000.00,'5-SEP-95')
INSERT INTO DEPOSITE VALUES(108,'KRANTI','NEHRU PLACE',5000.00,'2-JUL-95')
INSERT INTO DEPOSITE VALUES(109,'MINU','POWAI',7000.00,'10-AUG-95')

SELECT * FROM DEPOSITE

INSERT INTO BRANCH VALUES('VRCE','NAGPUR')
INSERT INTO BRANCH VALUES('AJNI','NAGPUR')
INSERT INTO BRANCH VALUES('KAROLBAGH','DELHI')
INSERT INTO BRANCH VALUES('CHANDI','DELHI')
INSERT INTO BRANCH VALUES('DHARAMPETH','NAGPUR')
INSERT INTO BRANCH VALUES('M.G.ROAD','BANGLORE')
INSERT INTO BRANCH VALUES('ANDHERI','BOMBAY')
INSERT INTO BRANCH VALUES('VIRAR','BOMBAY')
INSERT INTO BRANCH VALUES('NEHRU PLACE','DELHI')
INSERT INTO BRANCH VALUES('POWAI','BOMBAY')

SELECT * FROM BRANCH

INSERT INTO CUSTOMERS VALUES('ANIL','CALCUTTA')
INSERT INTO CUSTOMERS VALUES('SUNIL','DELHI')
INSERT INTO CUSTOMERS VALUES('MEHUL','BARODA')
INSERT INTO CUSTOMERS VALUES('MANDAR','PATNA')
INSERT INTO CUSTOMERS VALUES('MADHURI','NAGPUR')
INSERT INTO CUSTOMERS VALUES('PRAMOD','NAGPUR')
INSERT INTO CUSTOMERS VALUES('SANDIP','SURAT')
INSERT INTO CUSTOMERS VALUES('SHIVANI','BOMBAY')
INSERT INTO CUSTOMERS VALUES('KRANTI','BOMBAY')
INSERT INTO CUSTOMERS VALUES('NAREN','BOMBAY')

SELECT * FROM CUSTOMERS


